half_w,clr,dd,gate_w,t,hits,h_gate,h_obst,fails,oob,score
0.45,0.15,2.0,2.0,150.5,6,3,2,0,0,330.5
0.45,0.15,2.0,3.0,139.6,3,0,2,0,0,229.6
0.45,0.15,2.0,4.0,139.6,3,0,2,0,0,229.6
0.45,0.15,3.0,2.0,141.2,6,2,2,0,0,321.2
0.45,0.15,3.0,3.0,139.6,3,0,2,0,0,229.6
0.45,0.15,3.0,4.0,139.6,3,0,2,0,0,229.6
0.45,0.2,2.0,2.0,1476.6,0,0,0,9,0,1476.6
0.45,0.2,2.0,3.0,139.7,3,0,2,0,0,229.7
0.45,0.2,2.0,4.0,139.7,3,0,2,0,0,229.7
0.45,0.2,3.0,2.0,142.2,7,3,2,0,0,352.2
0.45,0.2,3.0,3.0,139.6,3,0,2,0,0,229.6
0.45,0.2,3.0,4.0,139.6,3,0,2,0,0,229.6
0.45,0.25,2.0,2.0,1476.6,0,0,0,9,0,1476.6
0.45,0.25,2.0,3.0,139.7,3,0,2,0,0,229.7
0.45,0.25,2.0,4.0,139.7,3,0,2,0,0,229.7
0.45,0.25,3.0,2.0,141.2,6,3,2,0,0,321.2
0.45,0.25,3.0,3.0,139.6,3,0,2,0,0,229.6
0.45,0.25,3.0,4.0,139.6,3,0,2,0,0,229.6
0.45,0.3,2.0,2.0,1364.2,0,0,0,8,0,1364.2
0.45,0.3,2.0,3.0,139.7,3,0,2,0,0,229.7
0.45,0.3,2.0,4.0,139.7,3,0,2,0,0,229.7
0.45,0.3,3.0,2.0,1365.0,0,0,0,8,0,1365.0
0.45,0.3,3.0,3.0,139.6,1,0,0,0,0,169.6
0.45,0.3,3.0,4.0,139.6,1,0,0,0,0,169.6
0.45,0.35,2.0,2.0,908.7,2,0,1,6,0,968.7
0.45,0.35,2.0,3.0,139.8,3,0,2,0,0,229.8
0.45,0.35,2.0,4.0,139.8,3,0,2,0,0,229.8
0.45,0.35,3.0,2.0,145.3,4,3,0,0,0,265.3
0.45,0.35,3.0,3.0,139.8,2,0,1,0,0,199.8
0.45,0.35,3.0,4.0,139.6,0,0,0,0,0,139.6
0.45,0.45,2.0,2.0,913.0,2,0,1,6,0,973.0
0.45,0.45,2.0,3.0,1190.3,0,0,0,8,0,1190.3
0.45,0.45,2.0,4.0,139.7,3,0,2,0,0,229.7
0.45,0.45,3.0,2.0,153.9,5,3,1,0,0,303.9
0.45,0.45,3.0,3.0,145.7,1,0,1,0,0,175.7
0.45,0.45,3.0,4.0,149.8,1,0,1,0,0,179.8
0.29,0.15,2.0,2.0,139.4,3,0,2,0,0,229.4
0.29,0.15,2.0,3.0,139.4,3,0,2,0,0,229.4
0.29,0.15,2.0,4.0,139.4,3,0,2,0,0,229.4
0.29,0.15,3.0,2.0,139.4,2,0,1,0,0,199.4
0.29,0.15,3.0,3.0,139.4,2,0,1,0,0,199.4
0.29,0.15,3.0,4.0,139.4,2,0,1,0,0,199.4
0.29,0.2,2.0,2.0,139.6,3,0,2,0,0,229.6
0.29,0.2,2.0,3.0,139.6,3,0,2,0,0,229.6
0.29,0.2,2.0,4.0,139.6,3,0,2,0,0,229.6
0.29,0.2,3.0,2.0,139.5,1,0,0,0,0,169.5
0.29,0.2,3.0,3.0,139.4,1,0,0,0,0,169.4
0.29,0.2,3.0,4.0,139.4,1,0,0,0,0,169.4
0.29,0.25,2.0,2.0,139.9,3,0,2,0,0,229.9
0.29,0.25,2.0,3.0,139.6,3,0,2,0,0,229.6
0.29,0.25,2.0,4.0,139.6,3,0,2,0,0,229.6
0.29,0.25,3.0,2.0,139.4,0,0,0,0,0,139.4
0.29,0.25,3.0,3.0,139.4,0,0,0,0,0,139.4
0.29,0.25,3.0,4.0,139.4,0,0,0,0,0,139.4
0.29,0.3,2.0,2.0,141.4,3,1,2,0,0,231.4
0.29,0.3,2.0,3.0,139.6,3,0,2,0,0,229.6
0.29,0.3,2.0,4.0,139.6,3,0,2,0,0,229.6
0.29,0.3,3.0,2.0,139.5,1,0,0,0,0,169.5
0.29,0.3,3.0,3.0,139.6,0,0,0,0,0,139.6
0.29,0.3,3.0,4.0,139.6,0,0,0,0,0,139.6
0.29,0.35,2.0,2.0,1191.3,1,0,1,8,0,1221.3
0.29,0.35,2.0,3.0,139.6,3,0,2,0,0,229.6
0.29,0.35,2.0,4.0,139.6,3,0,2,0,0,229.6
0.29,0.35,3.0,2.0,140.6,3,2,0,0,0,230.6
0.29,0.35,3.0,3.0,139.6,0,0,0,0,0,139.6
0.29,0.35,3.0,4.0,139.6,0,0,0,0,0,139.6
0.29,0.45,2.0,2.0,1364.4,0,0,0,8,0,1364.4
0.29,0.45,2.0,3.0,139.7,0,0,0,0,0,139.7
0.29,0.45,2.0,4.0,139.7,0,0,0,0,0,139.7
0.29,0.45,3.0,2.0,214.4,4,3,0,0,0,334.4
0.29,0.45,3.0,3.0,139.7,0,0,0,0,0,139.7
0.29,0.45,3.0,4.0,139.7,0,0,0,0,0,139.7
0.215,0.15,2.0,2.0,139.4,3,0,2,0,0,229.4
0.215,0.15,2.0,3.0,139.4,3,0,2,0,0,229.4
0.215,0.15,2.0,4.0,139.4,3,0,2,0,0,229.4
0.215,0.15,3.0,2.0,139.4,1,0,0,0,0,169.4
0.215,0.15,3.0,3.0,139.4,1,0,0,0,0,169.4
0.215,0.15,3.0,4.0,139.4,1,0,0,0,0,169.4
0.215,0.2,2.0,2.0,139.4,2,0,1,0,0,199.4
0.215,0.2,2.0,3.0,139.4,2,0,1,0,0,199.4
0.215,0.2,2.0,4.0,139.4,2,0,1,0,0,199.4
0.215,0.2,3.0,2.0,139.4,0,0,0,0,0,139.4
0.215,0.2,3.0,3.0,139.4,0,0,0,0,0,139.4
0.215,0.2,3.0,4.0,139.4,0,0,0,0,0,139.4
0.215,0.25,2.0,2.0,139.6,2,0,1,0,0,199.6
0.215,0.25,2.0,3.0,139.6,2,0,1,0,0,199.6
0.215,0.25,2.0,4.0,139.6,2,0,1,0,0,199.6
0.215,0.25,3.0,2.0,139.4,0,0,0,0,0,139.4
0.215,0.25,3.0,3.0,139.4,0,0,0,0,0,139.4
0.215,0.25,3.0,4.0,139.4,0,0,0,0,0,139.4
0.215,0.3,2.0,2.0,139.4,0,0,0,0,0,139.4
0.215,0.3,2.0,3.0,139.6,0,0,0,0,0,139.6
0.215,0.3,2.0,4.0,139.6,0,0,0,0,0,139.6
0.215,0.3,3.0,2.0,139.5,0,0,0,0,0,139.5
0.215,0.3,3.0,3.0,139.4,0,0,0,0,0,139.4
0.215,0.3,3.0,4.0,139.4,0,0,0,0,0,139.4
0.215,0.35,2.0,2.0,139.9,0,0,0,0,0,139.9
0.215,0.35,2.0,3.0,139.6,0,0,0,0,0,139.6
0.215,0.35,2.0,4.0,139.6,0,0,0,0,0,139.6
0.215,0.35,3.0,2.0,139.5,0,0,0,0,0,139.5
0.215,0.35,3.0,3.0,139.4,0,0,0,0,0,139.4
0.215,0.35,3.0,4.0,139.4,0,0,0,0,0,139.4
0.215,0.45,2.0,2.0,909.0,1,0,0,6,0,939.0
0.215,0.45,2.0,3.0,139.7,0,0,0,0,0,139.7
0.215,0.45,2.0,4.0,139.7,0,0,0,0,0,139.7
0.215,0.45,3.0,2.0,906.9,0,0,0,6,0,906.9
0.215,0.45,3.0,3.0,139.6,0,0,0,0,0,139.6
0.215,0.45,3.0,4.0,139.6,0,0,0,0,0,139.6
