half_w,clr,dd,gate_w,t,hits,h_gate,h_obst,fails,oob,score,seed
0.29,0.2,2.0,2.0,139.5,1,0,0,0,0,169.5,1
0.29,0.2,2.0,2.0,139.4,1,0,0,0,0,169.4,2
0.29,0.2,2.0,2.0,139.5,2,0,1,0,0,199.5,3
0.29,0.2,2.0,2.0,140.6,5,0,4,0,0,290.6,4
0.29,0.2,2.0,2.0,139.6,3,0,2,0,0,229.6,5
0.29,0.2,2.0,2.0,139.7,4,0,3,0,0,259.7,6
0.29,0.2,2.0,3.0,139.5,1,0,0,0,0,169.5,1
0.29,0.2,2.0,3.0,139.4,1,0,0,0,0,169.4,2
0.29,0.2,2.0,3.0,139.6,2,0,1,0,0,199.6,3
0.29,0.2,2.0,3.0,140.7,5,0,4,0,0,290.7,4
0.29,0.2,2.0,3.0,139.6,3,0,2,0,0,229.6,5
0.29,0.2,2.0,3.0,140.7,5,0,4,0,0,290.7,6
0.29,0.2,3.0,2.0,139.4,1,0,0,0,0,169.4,1
0.29,0.2,3.0,2.0,141.8,4,0,3,0,0,261.8,2
0.29,0.2,3.0,2.0,139.6,1,0,0,0,0,169.6,3
0.29,0.2,3.0,2.0,139.5,1,0,0,0,0,169.5,4
0.29,0.2,3.0,2.0,139.7,2,0,1,0,0,199.7,5
0.29,0.2,3.0,2.0,139.5,1,0,0,0,0,169.5,6
0.29,0.2,3.0,3.0,139.3,1,0,0,0,0,169.3,1
0.29,0.2,3.0,3.0,139.4,1,0,0,0,0,169.4,2
0.29,0.2,3.0,3.0,139.4,1,0,0,0,0,169.4,3
0.29,0.2,3.0,3.0,139.3,1,0,0,0,0,169.3,4
0.29,0.2,3.0,3.0,141.7,4,0,3,0,0,261.7,5
0.29,0.2,3.0,3.0,139.4,1,0,0,0,0,169.4,6
0.29,0.25,2.0,2.0,139.8,1,0,0,0,0,169.8,1
0.29,0.25,2.0,2.0,139.8,1,0,0,0,0,169.8,2
0.29,0.25,2.0,2.0,140.1,3,0,2,0,0,230.1,3
0.29,0.25,2.0,2.0,139.7,1,0,0,0,0,169.7,4
0.29,0.25,2.0,2.0,140.4,4,0,3,0,0,260.4,5
0.29,0.25,2.0,2.0,139.9,2,0,1,0,0,199.9,6
0.29,0.25,2.0,3.0,139.4,1,0,0,0,0,169.4,1
0.29,0.25,2.0,3.0,139.6,2,0,1,0,0,199.6,2
0.29,0.25,2.0,3.0,139.6,3,0,2,0,0,229.6,3
0.29,0.25,2.0,3.0,139.8,3,0,2,0,0,229.8,4
0.29,0.25,2.0,3.0,139.8,3,0,2,0,0,229.8,5
0.29,0.25,2.0,3.0,139.5,1,0,0,0,0,169.5,6
0.29,0.25,3.0,2.0,141.2,1,0,1,0,0,171.2,1
0.29,0.25,3.0,2.0,139.3,0,0,0,0,0,139.3,2
0.29,0.25,3.0,2.0,139.4,0,0,0,0,0,139.4,3
0.29,0.25,3.0,2.0,139.4,0,0,0,0,0,139.4,4
0.29,0.25,3.0,2.0,139.3,0,0,0,0,0,139.3,5
0.29,0.25,3.0,2.0,139.4,0,0,0,0,0,139.4,6
0.29,0.25,3.0,3.0,140.0,2,0,2,0,0,200.0,1
0.29,0.25,3.0,3.0,139.4,0,0,0,0,0,139.4,2
0.29,0.25,3.0,3.0,139.4,0,0,0,0,0,139.4,3
0.29,0.25,3.0,3.0,139.4,0,0,0,0,0,139.4,4
0.29,0.25,3.0,3.0,140.0,2,0,2,0,0,200.0,5
0.29,0.25,3.0,3.0,141.2,1,0,1,0,0,171.2,6
0.29,0.3,2.0,2.0,140.7,1,1,0,0,0,170.7,1
0.29,0.3,2.0,2.0,141.6,2,1,1,0,0,201.6,2
0.29,0.3,2.0,2.0,141.1,3,1,2,0,0,231.1,3
0.29,0.3,2.0,2.0,141.6,2,1,1,0,0,201.6,4
0.29,0.3,2.0,2.0,140.7,1,1,0,0,0,170.7,5
0.29,0.3,2.0,2.0,141.4,3,1,2,0,0,231.4,6
0.29,0.3,2.0,3.0,139.4,1,0,0,0,0,169.4,1
0.29,0.3,2.0,3.0,144.0,1,0,0,0,0,174.0,2
0.29,0.3,2.0,3.0,139.8,3,0,2,0,0,229.8,3
0.29,0.3,2.0,3.0,144.0,1,0,0,0,0,174.0,4
0.29,0.3,2.0,3.0,140.3,2,0,1,0,0,200.3,5
0.29,0.3,2.0,3.0,139.9,2,0,1,0,0,199.9,6
0.29,0.3,3.0,2.0,139.6,2,0,1,0,0,199.6,1
0.29,0.3,3.0,2.0,139.4,1,0,0,0,0,169.4,2
0.29,0.3,3.0,2.0,140.2,3,0,2,0,0,230.2,3
0.29,0.3,3.0,2.0,139.5,1,0,0,0,0,169.5,4
0.29,0.3,3.0,2.0,139.4,1,0,0,0,0,169.4,5
0.29,0.3,3.0,2.0,141.6,2,0,1,0,0,201.6,6
0.29,0.3,3.0,3.0,139.6,0,0,0,0,0,139.6,1
0.29,0.3,3.0,3.0,139.6,0,0,0,0,0,139.6,2
0.29,0.3,3.0,3.0,139.8,0,0,0,0,0,139.8,3
0.29,0.3,3.0,3.0,139.6,1,0,1,0,0,169.6,4
0.29,0.3,3.0,3.0,139.6,1,0,1,0,0,169.6,5
0.29,0.3,3.0,3.0,139.8,0,0,0,0,0,139.8,6
0.29,0.35,2.0,2.0,278.9,1,1,0,1,0,308.9,1
0.29,0.35,2.0,2.0,278.9,1,1,0,1,0,308.9,2
0.29,0.35,2.0,2.0,1191.3,1,0,1,8,0,1221.3,3
0.29,0.35,2.0,2.0,1191.3,1,0,1,8,0,1221.3,4
0.29,0.35,2.0,2.0,1191.0,1,0,1,8,0,1221.0,5
0.29,0.35,2.0,2.0,1191.0,1,0,1,8,0,1221.0,6
0.29,0.35,2.0,3.0,139.9,2,0,1,0,0,199.9,1
0.29,0.35,2.0,3.0,139.8,2,0,1,0,0,199.8,2
0.29,0.35,2.0,3.0,139.9,2,0,1,0,0,199.9,3
0.29,0.35,2.0,3.0,139.8,2,0,1,0,0,199.8,4
0.29,0.35,2.0,3.0,139.9,2,0,1,0,0,199.9,5
0.29,0.35,2.0,3.0,139.8,2,0,1,0,0,199.8,6
0.29,0.35,3.0,2.0,141.0,4,2,1,0,0,261.0,1
0.29,0.35,3.0,2.0,140.7,3,2,0,0,0,230.7,2
0.29,0.35,3.0,2.0,141.0,4,2,1,0,0,261.0,3
0.29,0.35,3.0,2.0,140.7,3,2,0,0,0,230.7,4
0.29,0.35,3.0,2.0,140.4,3,2,0,0,0,230.4,5
0.29,0.35,3.0,2.0,140.4,3,2,0,0,0,230.4,6
0.29,0.35,3.0,3.0,140.1,1,0,1,0,0,170.1,1
0.29,0.35,3.0,3.0,139.7,0,0,0,0,0,139.7,2
0.29,0.35,3.0,3.0,140.1,1,0,1,0,0,170.1,3
0.29,0.35,3.0,3.0,139.7,0,0,0,0,0,139.7,4
0.29,0.35,3.0,3.0,139.4,0,0,0,0,0,139.4,5
0.29,0.35,3.0,3.0,139.4,0,0,0,0,0,139.4,6
0.29,0.4,2.0,2.0,1476.6,0,0,0,9,0,1476.6,1
0.29,0.4,2.0,2.0,1476.6,0,0,0,9,0,1476.6,2
0.29,0.4,2.0,2.0,1476.6,0,0,0,9,0,1476.6,3
0.29,0.4,2.0,2.0,1476.6,0,0,0,9,0,1476.6,4
0.29,0.4,2.0,2.0,1476.6,0,0,0,9,0,1476.6,5
0.29,0.4,2.0,2.0,1476.6,0,0,0,9,0,1476.6,6
0.29,0.4,2.0,3.0,141.3,1,0,0,0,0,171.3,1
0.29,0.4,2.0,3.0,403.2,1,0,0,1,0,433.2,2
0.29,0.4,2.0,3.0,403.2,1,0,0,1,0,433.2,3
0.29,0.4,2.0,3.0,139.7,2,0,1,0,0,199.7,4
0.29,0.4,2.0,3.0,141.3,1,0,0,0,0,171.3,5
0.29,0.4,2.0,3.0,139.7,2,0,1,0,0,199.7,6
0.29,0.4,3.0,2.0,142.7,5,3,1,0,0,292.7,1
0.29,0.4,3.0,2.0,140.9,4,3,0,0,0,260.9,2
0.29,0.4,3.0,2.0,142.7,5,3,1,0,0,292.7,3
0.29,0.4,3.0,2.0,140.9,4,3,0,0,0,260.9,4
0.29,0.4,3.0,2.0,142.0,5,3,1,0,0,292.0,5
0.29,0.4,3.0,2.0,142.0,5,3,1,0,0,292.0,6
0.29,0.4,3.0,3.0,141.4,1,0,1,0,0,171.4,1
0.29,0.4,3.0,3.0,139.6,0,0,0,0,0,139.6,2
0.29,0.4,3.0,3.0,141.4,1,0,1,0,0,171.4,3
0.29,0.4,3.0,3.0,140.7,1,0,1,0,0,170.7,4
0.29,0.4,3.0,3.0,140.7,1,0,1,0,0,170.7,5
0.29,0.4,3.0,3.0,139.6,0,0,0,0,0,139.6,6
0.215,0.2,2.0,2.0,140.2,3,0,2,0,0,230.2,1
0.215,0.2,2.0,2.0,139.4,2,0,1,0,0,199.4,2
0.215,0.2,2.0,2.0,139.4,2,0,1,0,0,199.4,3
0.215,0.2,2.0,2.0,139.4,2,0,1,0,0,199.4,4
0.215,0.2,2.0,2.0,146.4,3,0,2,0,0,236.4,5
0.215,0.2,2.0,2.0,139.4,2,0,1,0,0,199.4,6
0.215,0.2,2.0,3.0,140.2,3,0,2,0,0,230.2,1
0.215,0.2,2.0,3.0,139.4,2,0,1,0,0,199.4,2
0.215,0.2,2.0,3.0,139.4,2,0,1,0,0,199.4,3
0.215,0.2,2.0,3.0,139.4,2,0,1,0,0,199.4,4
0.215,0.2,2.0,3.0,146.4,3,0,2,0,0,236.4,5
0.215,0.2,2.0,3.0,139.3,1,0,0,0,0,169.3,6
0.215,0.2,3.0,2.0,142.1,3,0,3,0,0,232.1,1
0.215,0.2,3.0,2.0,139.6,2,0,2,0,0,199.6,2
0.215,0.2,3.0,2.0,139.6,1,0,1,0,0,169.6,3
0.215,0.2,3.0,2.0,139.6,2,0,2,0,0,199.6,4
0.215,0.2,3.0,2.0,139.4,0,0,0,0,0,139.4,5
0.215,0.2,3.0,2.0,139.3,0,0,0,0,0,139.3,6
0.215,0.2,3.0,3.0,139.4,0,0,0,0,0,139.4,1
0.215,0.2,3.0,3.0,139.4,0,0,0,0,0,139.4,2
0.215,0.2,3.0,3.0,142.1,3,0,3,0,0,232.1,3
0.215,0.2,3.0,3.0,139.3,0,0,0,0,0,139.3,4
0.215,0.2,3.0,3.0,139.6,2,0,2,0,0,199.6,5
0.215,0.2,3.0,3.0,139.6,1,0,1,0,0,169.6,6
0.215,0.25,2.0,2.0,139.5,1,0,0,0,0,169.5,1
0.215,0.25,2.0,2.0,140.5,3,0,2,0,0,230.5,2
0.215,0.25,2.0,2.0,139.4,1,0,0,0,0,169.4,3
0.215,0.25,2.0,2.0,139.6,1,0,0,0,0,169.6,4
0.215,0.25,2.0,2.0,139.6,1,0,0,0,0,169.6,5
0.215,0.25,2.0,2.0,139.6,2,0,1,0,0,199.6,6
0.215,0.25,2.0,3.0,139.4,1,0,0,0,0,169.4,1
0.215,0.25,2.0,3.0,140.5,3,0,2,0,0,230.5,2
0.215,0.25,2.0,3.0,139.5,1,0,0,0,0,169.5,3
0.215,0.25,2.0,3.0,139.4,1,0,0,0,0,169.4,4
0.215,0.25,2.0,3.0,140.3,3,0,2,0,0,230.3,5
0.215,0.25,2.0,3.0,139.5,1,0,0,0,0,169.5,6
0.215,0.25,3.0,2.0,142.3,2,0,2,0,0,202.3,1
0.215,0.25,3.0,2.0,139.4,0,0,0,0,0,139.4,2
0.215,0.25,3.0,2.0,139.4,0,0,0,0,0,139.4,3
0.215,0.25,3.0,2.0,139.4,0,0,0,0,0,139.4,4
0.215,0.25,3.0,2.0,142.3,2,0,2,0,0,202.3,5
0.215,0.25,3.0,2.0,139.3,0,0,0,0,0,139.3,6
0.215,0.25,3.0,3.0,139.6,1,0,1,0,0,169.6,1
0.215,0.25,3.0,3.0,139.4,0,0,0,0,0,139.4,2
0.215,0.25,3.0,3.0,139.4,0,0,0,0,0,139.4,3
0.215,0.25,3.0,3.0,139.3,0,0,0,0,0,139.3,4
0.215,0.25,3.0,3.0,139.4,0,0,0,0,0,139.4,5
0.215,0.25,3.0,3.0,142.3,2,0,2,0,0,202.3,6
0.215,0.3,2.0,2.0,139.5,0,0,0,0,0,139.5,1
0.215,0.3,2.0,2.0,139.4,0,0,0,0,0,139.4,2
0.215,0.3,2.0,2.0,141.0,2,0,2,0,0,201.0,3
0.215,0.3,2.0,2.0,139.4,0,0,0,0,0,139.4,4
0.215,0.3,2.0,2.0,139.5,0,0,0,0,0,139.5,5
0.215,0.3,2.0,2.0,139.7,1,0,1,0,0,169.7,6
0.215,0.3,2.0,3.0,139.5,0,0,0,0,0,139.5,1
0.215,0.3,2.0,3.0,139.5,0,0,0,0,0,139.5,2
0.215,0.3,2.0,3.0,139.6,0,0,0,0,0,139.6,3
0.215,0.3,2.0,3.0,139.4,0,0,0,0,0,139.4,4
0.215,0.3,2.0,3.0,140.7,2,0,2,0,0,200.7,5
0.215,0.3,2.0,3.0,139.6,0,0,0,0,0,139.6,6
0.215,0.3,3.0,2.0,139.5,0,0,0,0,0,139.5,1
0.215,0.3,3.0,2.0,139.4,0,0,0,0,0,139.4,2
0.215,0.3,3.0,2.0,139.5,0,0,0,0,0,139.5,3
0.215,0.3,3.0,2.0,139.5,0,0,0,0,0,139.5,4
0.215,0.3,3.0,2.0,141.1,1,0,1,0,0,171.1,5
0.215,0.3,3.0,2.0,140.0,3,0,3,0,0,230.0,6
0.215,0.3,3.0,3.0,139.4,0,0,0,0,0,139.4,1
0.215,0.3,3.0,3.0,139.3,0,0,0,0,0,139.3,2
0.215,0.3,3.0,3.0,139.9,3,0,3,0,0,229.9,3
0.215,0.3,3.0,3.0,139.4,0,0,0,0,0,139.4,4
0.215,0.3,3.0,3.0,139.4,0,0,0,0,0,139.4,5
0.215,0.3,3.0,3.0,139.3,0,0,0,0,0,139.3,6
0.215,0.35,2.0,2.0,139.8,0,0,0,0,0,139.8,1
0.215,0.35,2.0,2.0,140.3,0,0,0,0,0,140.3,2
0.215,0.35,2.0,2.0,140.1,0,0,0,0,0,140.1,3
0.215,0.35,2.0,2.0,139.9,0,0,0,0,0,139.9,4
0.215,0.35,2.0,2.0,139.8,0,0,0,0,0,139.8,5
0.215,0.35,2.0,2.0,140.1,0,0,0,0,0,140.1,6
0.215,0.35,2.0,3.0,139.4,0,0,0,0,0,139.4,1
0.215,0.35,2.0,3.0,139.6,0,0,0,0,0,139.6,2
0.215,0.35,2.0,3.0,139.6,0,0,0,0,0,139.6,3
0.215,0.35,2.0,3.0,139.4,0,0,0,0,0,139.4,4
0.215,0.35,2.0,3.0,139.5,0,0,0,0,0,139.5,5
0.215,0.35,2.0,3.0,139.8,0,0,0,0,0,139.8,6
0.215,0.35,3.0,2.0,139.5,0,0,0,0,0,139.5,1
0.215,0.35,3.0,2.0,139.4,0,0,0,0,0,139.4,2
0.215,0.35,3.0,2.0,141.5,1,0,1,0,0,171.5,3
0.215,0.35,3.0,2.0,139.5,0,0,0,0,0,139.5,4
0.215,0.35,3.0,2.0,140.1,2,0,2,0,0,200.1,5
0.215,0.35,3.0,2.0,139.5,0,0,0,0,0,139.5,6
0.215,0.35,3.0,3.0,139.4,0,0,0,0,0,139.4,1
0.215,0.35,3.0,3.0,139.3,0,0,0,0,0,139.3,2
0.215,0.35,3.0,3.0,139.4,0,0,0,0,0,139.4,3
0.215,0.35,3.0,3.0,140.0,2,0,2,0,0,200.0,4
0.215,0.35,3.0,3.0,139.4,0,0,0,0,0,139.4,5
0.215,0.35,3.0,3.0,139.3,0,0,0,0,0,139.3,6
0.215,0.4,2.0,2.0,141.2,2,1,1,0,0,201.2,1
0.215,0.4,2.0,2.0,141.4,1,1,0,0,0,171.4,2
0.215,0.4,2.0,2.0,142.0,0,0,0,0,0,142.0,3
0.215,0.4,2.0,2.0,140.9,1,1,0,0,0,170.9,4
0.215,0.4,2.0,2.0,140.7,1,1,0,0,0,170.7,5
0.215,0.4,2.0,2.0,141.2,2,1,1,0,0,201.2,6
0.215,0.4,2.0,3.0,139.9,0,0,0,0,0,139.9,1
0.215,0.4,2.0,3.0,139.8,0,0,0,0,0,139.8,2
0.215,0.4,2.0,3.0,139.4,0,0,0,0,0,139.4,3
0.215,0.4,2.0,3.0,139.9,0,0,0,0,0,139.9,4
0.215,0.4,2.0,3.0,139.7,1,0,1,0,0,169.7,5
0.215,0.4,2.0,3.0,140.0,0,0,0,0,0,140.0,6
0.215,0.4,3.0,2.0,139.9,0,0,0,0,0,139.9,1
0.215,0.4,3.0,2.0,140.0,0,0,0,0,0,140.0,2
0.215,0.4,3.0,2.0,139.7,0,0,0,0,0,139.7,3
0.215,0.4,3.0,2.0,139.9,1,0,1,0,0,169.9,4
0.215,0.4,3.0,2.0,140.0,0,0,0,0,0,140.0,5
0.215,0.4,3.0,2.0,139.7,0,0,0,0,0,139.7,6
0.215,0.4,3.0,3.0,139.5,0,0,0,0,0,139.5,1
0.215,0.4,3.0,3.0,139.5,0,0,0,0,0,139.5,2
0.215,0.4,3.0,3.0,139.6,1,0,1,0,0,169.6,3
0.215,0.4,3.0,3.0,141.5,1,0,1,0,0,171.5,4
0.215,0.4,3.0,3.0,139.6,0,0,0,0,0,139.6,5
0.215,0.4,3.0,3.0,139.8,0,0,0,0,0,139.8,6
